[
    {
      "post_id": 0,
      "user_id": 0,
      "images": ["../data/1/image№1.png","../data/1/image№2.png"],
      "like": 22,
      "post_description": "Так красиво сегодня на улице! Настоящая зима)) Вспоминается Бродский: «Поздно ночью, в уснувшей долине, на самом дне, в городке, занесенном снегом по ручку двери...» ",
      "time_create": 1744554420
    },

    {
      "post_id": 1,
      "user_id": 1,
      "images": ["../data/2/image№1.png","../data/2/image№2.png"],
      "like": 15,
      "post_description": "Так красиво сегодня на улице!",
      "time_create": 1744467840
    },

    {
      "post_id": 2,
      "user_id": 1,
      "images": ["../data/1/image№1.png","../data/1/image№2.png"],
      "like": 22,
      "post_description": "Так красиво сегодня на улице! Настоящая зима)) Вспоминается Бродский: «Поздно ночью, в уснувшей долине, на самом дне, в городке, занесенном снегом по ручку двери...» ",
      "time_create": 1744554420
    }
  ]