[
    {
      "user_id": 0,
      "mail": "vanya.denisov@example.com",
      "password": "123" ,
      "first_name": "Ваня",
      "last_name": "Денисов",
      "profile_image": "../data/1/profile_image.png",
      "about": "Привет! Я системный аналитик в ACME :) Тут моя жизнь только для самых классных!",
      "count_post": 43,
      "time_create": 1672531199,
      "id_posts": [0]
    },

    {
        "user_id": 1,
        "mail": "liza.demina@example.com",
        "password": "4321",
        "first_name": "Лиза",
        "last_name": "Дёмина",
        "profile_image": "../data/2/profile_image.png",
        "about": "",
        "count_post": 1,
        "time_create": 1672531199,
        "id_posts": [1, 2]
      }
  ]